{"loss": [0.5347306728363037, 0.45737317204475403, 0.4390662610530853, 0.4161539077758789, 0.4069359004497528, 0.3972266912460327, 0.38687920570373535, 0.38099557161331177, 0.3722195625305176, 0.3691767752170563, 0.36136552691459656, 0.35708528757095337, 0.3517730236053467, 0.34640344977378845, 0.34611964225769043, 0.33756500482559204, 0.3355018198490143, 0.3300475478172302, 0.32549619674682617, 0.322301983833313, 0.31973186135292053, 0.296584814786911, 0.29308637976646423, 0.2934432327747345, 0.2909410297870636, 0.29102542996406555, 0.2917020320892334, 0.28884485363960266, 0.2886764407157898, 0.2879987061023712, 0.28917109966278076, 0.285385400056839, 0.2864514887332916, 0.2854997217655182], "accuracy": [0.7293904423713684, 0.7793451547622681, 0.7950045466423035, 0.8023812770843506, 0.8129934072494507, 0.8204995393753052, 0.8295586705207825, 0.8281351327896118, 0.8322764039039612, 0.8334411978721619, 0.8384883999824524, 0.8419826626777649, 0.8435356616973877, 0.8497476577758789, 0.8472887277603149, 0.8510417938232422, 0.8531124591827393, 0.8549243211746216, 0.8577714562416077, 0.8604891896247864, 0.8581597208976746, 0.8734308481216431, 0.8734308481216431, 0.8769250512123108, 0.8775721788406372, 0.8765368461608887, 0.8774427175521851, 0.8784780502319336, 0.8773133158683777, 0.8771839141845703, 0.8762779831886292, 0.8788663148880005, 0.8787369132041931, 0.8793839812278748], "val_loss": [0.5524531006813049, 0.43636608123779297, 0.41790881752967834, 0.41005659103393555, 0.4247921109199524, 0.4019150733947754, 0.3939296305179596, 0.3889559805393219, 0.3978955149650574, 0.4382999837398529, 0.38025912642478943, 0.38416749238967896, 0.4193740487098694, 0.37887611985206604, 0.3731232285499573, 0.3744756281375885, 0.3768101930618286, 0.37184980511665344, 0.3720898926258087, 0.369089812040329, 0.3688534200191498, 0.3631511330604553, 0.3619086444377899, 0.36029550433158875, 0.36949530243873596, 0.3639281094074249, 0.3647366166114807, 0.36601579189300537, 0.36104851961135864, 0.36402052640914917, 0.36976712942123413, 0.36415764689445496, 0.36063438653945923, 0.3614044189453125], "val_accuracy": [0.741406261920929, 0.7933593988418579, 0.811718761920929, 0.819531261920929, 0.817578136920929, 0.829296886920929, 0.828906238079071, 0.832812488079071, 0.8257812261581421, 0.783984363079071, 0.8363281488418579, 0.835156261920929, 0.7945312261581421, 0.8421875238418579, 0.84375, 0.840624988079071, 0.8359375, 0.842968761920929, 0.839062511920929, 0.84765625, 0.844531238079071, 0.845703125, 0.846875011920929, 0.8519531488418579, 0.842578113079071, 0.8492187261581421, 0.8460937738418579, 0.842578113079071, 0.8472656011581421, 0.84375, 0.841796875, 0.844921886920929, 0.84765625, 0.8472656011581421], "lr": [9.999999747378752e-05, 9.999999747378752e-05, 9.999999747378752e-05, 9.999999747378752e-05, 9.999999747378752e-05, 9.999999747378752e-05, 9.999999747378752e-05, 9.999999747378752e-05, 9.999999747378752e-05, 9.999999747378752e-05, 9.999999747378752e-05, 9.999999747378752e-05, 9.999999747378752e-05, 9.999999747378752e-05, 9.999999747378752e-05, 9.999999747378752e-05, 9.999999747378752e-05, 9.999999747378752e-05, 9.999999747378752e-05, 9.999999747378752e-05, 9.999999747378752e-05, 9.999999747378752e-06, 9.999999747378752e-06, 9.999999747378752e-06, 9.999999747378752e-06, 9.999999747378752e-06, 9.999999747378752e-06, 9.999999747378752e-06, 9.999999747378752e-06, 9.999999747378752e-06, 9.999999747378752e-06, 9.999999747378752e-06, 9.999999747378752e-06, 9.999999747378752e-06]}